alpha,redundancy,attack,parameter,psnr,nc,ber
40,1,jpeg,90,37.32,0.9954,0.0005
40,1,jpeg,70,37.32,0.2183,0.6821
40,1,jpeg,50,37.32,0.2112,0.7374
40,3,jpeg,90,N/A,N/A,N/A
40,3,jpeg,70,N/A,N/A,N/A
40,3,jpeg,50,N/A,N/A,N/A
40,5,jpeg,90,N/A,N/A,N/A
40,5,jpeg,70,N/A,N/A,N/A
40,5,jpeg,50,N/A,N/A,N/A
60,1,jpeg,90,34.26,0.9992,0.0001
60,1,jpeg,70,34.26,0.4533,0.1858
60,1,jpeg,50,34.26,0.2151,0.7278
60,3,jpeg,90,N/A,N/A,N/A
60,3,jpeg,70,N/A,N/A,N/A
60,3,jpeg,50,N/A,N/A,N/A
60,5,jpeg,90,N/A,N/A,N/A
60,5,jpeg,70,N/A,N/A,N/A
60,5,jpeg,50,N/A,N/A,N/A
80,1,jpeg,90,32.2,1.0,0.0
80,1,jpeg,70,32.2,0.5621,0.1139
80,1,jpeg,50,32.2,0.2196,0.6893
80,3,jpeg,90,N/A,N/A,N/A
80,3,jpeg,70,N/A,N/A,N/A
80,3,jpeg,50,N/A,N/A,N/A
80,5,jpeg,90,N/A,N/A,N/A
80,5,jpeg,70,N/A,N/A,N/A
80,5,jpeg,50,N/A,N/A,N/A
100,1,jpeg,90,30.4,1.0,0.0
100,1,jpeg,70,30.4,0.9988,0.0001
100,1,jpeg,50,30.4,0.3336,0.3486
100,3,jpeg,90,N/A,N/A,N/A
100,3,jpeg,70,N/A,N/A,N/A
100,3,jpeg,50,N/A,N/A,N/A
100,5,jpeg,90,N/A,N/A,N/A
100,5,jpeg,70,N/A,N/A,N/A
100,5,jpeg,50,N/A,N/A,N/A
120,1,jpeg,90,29.03,1.0,0.0
120,1,jpeg,70,29.03,0.9996,0.0
120,1,jpeg,50,29.03,0.4595,0.1822
120,3,jpeg,90,N/A,N/A,N/A
120,3,jpeg,70,N/A,N/A,N/A
120,3,jpeg,50,N/A,N/A,N/A
120,5,jpeg,90,N/A,N/A,N/A
120,5,jpeg,70,N/A,N/A,N/A
120,5,jpeg,50,N/A,N/A,N/A
