Attack,Parameter,PSNR,NC,BER,Status
jpeg,90,32.96,1.0,0.0,Terdeteksi
jpeg,70,30.67,1.0,0.0,Terdeteksi
jpeg,50,30.21,0.4285,0.1716,Melemah
resize,scale 0.5,N/A,-0.5632,0.917,Gagal
pure_crop,10%,N/A,0.9948,0.0005,Terdeteksi
pure_crop,25%,N/A,0.9685,0.0029,Terdeteksi
crop_resize_back,10%,9.18,0.0086,0.5012,Gagal
crop_resize_back,25%,8.56,-0.0033,0.4783,Gagal
gaussian_noise,sigma 10,27.77,1.0,0.0,Terdeteksi
gaussian_noise,sigma 15,25.24,1.0,0.0,Terdeteksi
gaussian_noise,sigma 25,21.57,0.9974,0.0002,Terdeteksi
brightness,b=10,29.13,1.0,0.0,Terdeteksi
brightness,b=20,25.3,0.7183,0.0422,Melemah
contrast,a=1.05,29.83,1.0,0.0,Terdeteksi
contrast,a=1.1,27.22,0.575,0.0867,Melemah
