image_size,logo_size,alpha,redundancy,attack,parameter,psnr,nc,ber,psnr_ok,note
1024x1536,64x64,80,3,jpeg,quality=90,34.04,1.0,0.0,YES,
1024x1536,64x64,80,3,jpeg,quality=70,34.04,0.7471,0.0359,YES,
1024x1536,64x64,80,3,jpeg,quality=50,34.04,0.0874,0.7585,YES,
1024x1536,64x64,80,3,resize,scale=0.5,34.04,-0.5344,0.906,YES,
1024x1536,64x64,80,3,pure_crop,crop=10%,34.04,0.9948,0.0005,YES,
1024x1536,64x64,80,3,pure_crop,crop=25%,34.04,0.9685,0.0029,YES,
1024x1536,64x64,80,3,crop_resize_back,crop=10%,34.04,0.0048,0.5005,YES,
1024x1536,64x64,80,3,crop_resize_back,crop=25%,34.04,-0.0102,0.4846,YES,
1024x1536,64x64,80,3,gaussian_noise,sigma=15,34.04,1.0,0.0,YES,
1024x1536,64x64,80,3,brightness,"alpha=1.0,beta=30",34.04,0.2477,0.4099,YES,
1024x1536,64x64,80,3,contrast,"alpha=1.3,beta=0",34.04,0.1865,0.5449,YES,
1024x1536,64x64,80,5,jpeg,quality=90,31.83,1.0,0.0,YES,
1024x1536,64x64,80,5,jpeg,quality=70,31.83,0.9093,0.0098,YES,
1024x1536,64x64,80,5,jpeg,quality=50,31.83,0.0905,0.8069,YES,
1024x1536,64x64,80,5,resize,scale=0.5,31.83,-0.4271,0.834,YES,
1024x1536,64x64,80,5,pure_crop,crop=10%,31.83,1.0,0.0,YES,
1024x1536,64x64,80,5,pure_crop,crop=25%,31.83,0.9896,0.001,YES,
1024x1536,64x64,80,5,crop_resize_back,crop=10%,31.83,0.0036,0.4988,YES,
1024x1536,64x64,80,5,crop_resize_back,crop=25%,31.83,-0.0027,0.4949,YES,
1024x1536,64x64,80,5,gaussian_noise,sigma=15,31.83,1.0,0.0,YES,
1024x1536,64x64,80,5,brightness,"alpha=1.0,beta=30",31.83,0.2585,0.3887,YES,
1024x1536,64x64,80,5,contrast,"alpha=1.3,beta=0",31.83,0.1836,0.5579,YES,
1024x1536,64x64,100,3,jpeg,quality=90,32.14,1.0,0.0,YES,
1024x1536,64x64,100,3,jpeg,quality=70,32.14,1.0,0.0,YES,
1024x1536,64x64,100,3,jpeg,quality=50,32.14,0.4285,0.1716,YES,
1024x1536,64x64,100,3,resize,scale=0.5,32.14,-0.5632,0.917,YES,
1024x1536,64x64,100,3,pure_crop,crop=10%,32.14,0.9948,0.0005,YES,
1024x1536,64x64,100,3,pure_crop,crop=25%,32.14,0.9685,0.0029,YES,
1024x1536,64x64,100,3,crop_resize_back,crop=10%,32.14,0.0086,0.5012,YES,
1024x1536,64x64,100,3,crop_resize_back,crop=25%,32.14,-0.0033,0.4783,YES,
1024x1536,64x64,100,3,gaussian_noise,sigma=15,32.14,1.0,0.0,YES,
1024x1536,64x64,100,3,brightness,"alpha=1.0,beta=30",32.14,0.3174,0.2915,YES,
1024x1536,64x64,100,3,contrast,"alpha=1.3,beta=0",32.14,0.189,0.5386,YES,
1024x1536,64x64,100,5,jpeg,quality=90,29.93,1.0,0.0,NO(<30),
1024x1536,64x64,100,5,jpeg,quality=70,29.93,1.0,0.0,NO(<30),
1024x1536,64x64,100,5,jpeg,quality=50,29.93,0.5178,0.1133,NO(<30),
1024x1536,64x64,100,5,resize,scale=0.5,29.93,-0.4557,0.8533,NO(<30),
1024x1536,64x64,100,5,pure_crop,crop=10%,29.93,1.0,0.0,NO(<30),
1024x1536,64x64,100,5,pure_crop,crop=25%,29.93,0.9896,0.001,NO(<30),
1024x1536,64x64,100,5,crop_resize_back,crop=10%,29.93,0.0012,0.4995,NO(<30),
1024x1536,64x64,100,5,crop_resize_back,crop=25%,29.93,-0.0007,0.4949,NO(<30),
1024x1536,64x64,100,5,gaussian_noise,sigma=15,29.93,1.0,0.0,NO(<30),
1024x1536,64x64,100,5,brightness,"alpha=1.0,beta=30",29.93,0.3512,0.2476,NO(<30),
1024x1536,64x64,100,5,contrast,"alpha=1.3,beta=0",29.93,0.1868,0.5496,NO(<30),
