image_h,image_w,logo_h,logo_w,alpha,redundancy,attack,parameter,psnr,nc,ber,note
1024,1536,64,64,60,1,jpeg,90,41.24,0.9974,0.0002,
1024,1536,64,64,60,1,jpeg,70,41.24,0.4044,0.1885,
1024,1536,64,64,60,1,jpeg,50,41.24,-0.0162,0.7954,
1024,1536,64,64,60,3,jpeg,90,36.45,1.0,0.0,
1024,1536,64,64,60,3,jpeg,70,36.45,0.5454,0.0996,
1024,1536,64,64,60,3,jpeg,50,36.45,0.0062,0.8811,
1024,1536,64,64,60,5,jpeg,90,34.24,1.0,0.0,
1024,1536,64,64,60,5,jpeg,70,34.24,0.6702,0.0544,
1024,1536,64,64,60,5,jpeg,50,34.24,0.0263,0.9155,
1024,1536,64,64,80,1,jpeg,90,38.82,1.0,0.0,
1024,1536,64,64,80,1,jpeg,70,38.82,0.5,0.1206,
1024,1536,64,64,80,1,jpeg,50,38.82,0.0662,0.6875,
1024,1536,64,64,80,3,jpeg,90,34.04,1.0,0.0,
1024,1536,64,64,80,3,jpeg,70,34.04,0.71,0.0442,
1024,1536,64,64,80,3,jpeg,50,34.04,0.0765,0.7656,
1024,1536,64,64,80,5,jpeg,90,31.83,1.0,0.0,
1024,1536,64,64,80,5,jpeg,70,31.83,0.8735,0.0144,
1024,1536,64,64,80,5,jpeg,50,31.83,0.0879,0.8135,
1024,1536,64,64,100,1,jpeg,90,36.92,1.0,0.0,
1024,1536,64,64,100,1,jpeg,70,36.92,1.0,0.0,
1024,1536,64,64,100,1,jpeg,50,36.92,0.3114,0.2773,
1024,1536,64,64,100,3,jpeg,90,32.14,1.0,0.0,
1024,1536,64,64,100,3,jpeg,70,32.14,1.0,0.0,
1024,1536,64,64,100,3,jpeg,50,32.14,0.3922,0.2017,
1024,1536,64,64,100,5,jpeg,90,29.93,1.0,0.0,
1024,1536,64,64,100,5,jpeg,70,29.93,1.0,0.0,
1024,1536,64,64,100,5,jpeg,50,29.93,0.4564,0.1506,
